Workbook

Sheet README
A1: AFFILIATE SHOPPING WEBSITE — EXCEL DATABASE
A3: Purpose: Use this workbook as the product database for an affiliate shopping website.
A4: Products sheet: Add products, prices, image URLs, platform and affiliate links.
A5: Affiliate Link: Paste your actual Shopee/TikTok Shop/Lazada affiliate URL.
A6: Image URL: Use a publicly accessible image URL.
A7: Status: ACTIVE = website can display it; INACTIVE = hide it.
A8: Featured: YES = show in the featured/home section.
A9: Categories: Edit the category list used by your website.
A10: Website Settings: Change store name, tagline, logo, banner and contact links.
A11: Important: The Excel file itself does not publish a live website. A web app must read this Excel data and render the store.

Sheet Products
A1: Product ID | B1: Product Name | C1: Category | D1: Description | E1: Image URL | F1: Price | G1: Original Price | H1: Discount % | I1: Shopee Link | J1: TikTok Shop Link | K1: Lazada Link | L1: Primary Platform | M1: Featured | N1: Status | O1: Stock Label | P1: Rating | Q1: Sales | R1: Tags
A2: P001 | B2: Portable Mini Fan | C2: Gadgets | D2: Rechargeable portable fan | E2: https://example.com/fan.jpg | F2: 299 | G2: 499 | H2: =IFERROR((G2-F2)/G2,0) | I2: PASTE_AFFILIATE_LINK | L2: Shopee | M2: YES | N2: ACTIVE | O2: In Stock | P2: 4.8 | Q2: 1250 | R2: cooling,summer
A3: P002 | B3: Baby Bottle Set | C3: Baby Needs | D3: Complete baby feeding set | E3: https://example.com/bottle.jpg | F3: 399 | G3: 599 | H3: =IFERROR((G3-F3)/G3,0) | J3: PASTE_AFFILIATE_LINK | L3: TikTok Shop | M3: YES | N3: ACTIVE | O3: In Stock | P3: 4.9 | Q3: 830 | R3: baby,feeding
A4: P003 | B4: Wireless Earbuds | C4: Electronics | D4: Bluetooth wireless earbuds | E4: https://example.com/earbuds.jpg | F4: 499 | G4: 899 | H4: =IFERROR((G4-F4)/G4,0) | K4: PASTE_AFFILIATE_LINK | L4: Lazada | M4: NO | N4: ACTIVE | O4: In Stock | P4: 4.7 | Q4: 2100 | R4: audio,gadget

Sheet Dashboard
A1: AFFILIATE SHOPPING WEBSITE CONTROL PANEL
A3: Active Products | B3: =COUNTIF(Products!L:L,"ACTIVE")
A4: Featured Products | B4: =COUNTIF(Products!K:K,"YES")
A5: Shopee Products | B5: =COUNTIF(Products!I:I,"Shopee")
A6: TikTok Shop Products | B6: =COUNTIF(Products!I:I,"TikTok Shop")
A7: Lazada Products | B7: =COUNTIF(Products!I:I,"Lazada")
A9: How to use
A10: 1. Add/edit products in the Products sheet.
A11: 2. Paste the correct affiliate link for each product.
A12: 3. Upload image URLs that can be publicly viewed by the website.
A13: 4. Set Status = ACTIVE to publish the product.
A14: 5. Set Featured = YES for homepage featured products.

Sheet Categories
A1: Category | B1: Active | C1: Description
A2: All | B2: YES | C2: Show all active products
A3: Baby Needs | B3: YES | C3: Baby and mother products
A4: Gadgets | B4: YES | C4: Gadgets and accessories
A5: Electronics | B5: YES | C5: Electronic products
A6: Home | B6: YES | C6: Home and kitchen
A7: Beauty | B7: YES | C7: Beauty and personal care

Sheet Website Settings
A1: Setting | B1: Value
A2: Store Name | B2: Your Affiliate Store
A3: Tagline | B3: Discover. Compare. Shop Smart.
A4: Currency | B4: PHP
A5: Primary Platform | B5: Shopee + TikTok Shop + Lazada
A6: Facebook Page | B6: PASTE_FACEBOOK_PAGE
A7: Contact Messenger | B7: PASTE_MESSENGER_LINK
A8: Logo URL | B8: PASTE_LOGO_IMAGE_URL
A9: Hero Banner URL | B9: PASTE_BANNER_IMAGE_URL
A10: Affiliate Disclosure | B10: This website may earn a commission when you shop through our affiliate links.
A11: Store URL | B11: PASTE_YOUR_WEBSITE_URL
A12: Facebook Page | B12: PASTE_FACEBOOK_PAGE
A13: Messenger | B13: PASTE_MESSENGER_LINK

Sheet Website Feed
A1: Product ID | B1: Product Name | C1: Category | D1: Description | E1: Image URL | F1: Price | G1: Original Price | H1: Discount % | I1: Shopee Link | J1: TikTok Shop Link | K1: Lazada Link | L1: Featured | M1: Rating | N1: Sales | O1: Tags
A2: =IF(Products!N2="ACTIVE",Products!A2,"") | B2: =IF($A2="","",Products!B2) | C2: =IF($A2="","",Products!C2) | D2: =IF($A2="","",Products!D2) | E2: =IF($A2="","",Products!E2) | F2: =IF($A2="","",Products!F2) | G2: =IF($A2="","",Products!G2) | H2: =IF($A2="","",Products!H2) | I2: =IF($A2="","",Products!I2) | ... K2: =IF($A2="","",Products!K2) | L2: =IF($A2="","",Products!M2) | M2: =IF($A2="","",Products!P2) | N2: =IF($A2="","",Products!Q2) | O2: =IF($A2="","",Products!R2)
A3: =IF(Products!N3="ACTIVE",Products!A3,"") | B3: =IF($A3="","",Products!B3) | C3: =IF($A3="","",Products!C3) | D3: =IF($A3="","",Products!D3) | E3: =IF($A3="","",Products!E3) | F3: =IF($A3="","",Products!F3) | G3: =IF($A3="","",Products!G3) | H3: =IF($A3="","",Products!H3) | I3: =IF($A3="","",Products!I3) | ... K3: =IF($A3="","",Products!K3) | L3: =IF($A3="","",Products!M3) | M3: =IF($A3="","",Products!P3) | N3: =IF($A3="","",Products!Q3) | O3: =IF($A3="","",Products!R3)
A4: =IF(Products!N4="ACTIVE",Products!A4,"") | B4: =IF($A4="","",Products!B4) | C4: =IF($A4="","",Products!C4) | D4: =IF($A4="","",Products!D4) | E4: =IF($A4="","",Products!E4) | F4: =IF($A4="","",Products!F4) | G4: =IF($A4="","",Products!G4) | H4: =IF($A4="","",Products!H4) | I4: =IF($A4="","",Products!I4) | ... K4: =IF($A4="","",Products!K4) | L4: =IF($A4="","",Products!M4) | M4: =IF($A4="","",Products!P4) | N4: =IF($A4="","",Products!Q4) | O4: =IF($A4="","",Products!R4)
A5: =IF(Products!N5="ACTIVE",Products!A5,"") | B5: =IF($A5="","",Products!B5) | C5: =IF($A5="","",Products!C5) | D5: =IF($A5="","",Products!D5) | E5: =IF($A5="","",Products!E5) | F5: =IF($A5="","",Products!F5) | G5: =IF($A5="","",Products!G5) | H5: =IF($A5="","",Products!H5) | I5: =IF($A5="","",Products!I5) | ... K5: =IF($A5="","",Products!K5) | L5: =IF($A5="","",Products!M5) | M5: =IF($A5="","",Products!P5) | N5: =IF($A5="","",Products!Q5) | O5: =IF($A5="","",Products!R5)
A6: =IF(Products!N6="ACTIVE",Products!A6,"") | B6: =IF($A6="","",Products!B6) | C6: =IF($A6="","",Products!C6) | D6: =IF($A6="","",Products!D6) | E6: =IF($A6="","",Products!E6) | F6: =IF($A6="","",Products!F6) | G6: =IF($A6="","",Products!G6) | H6: =IF($A6="","",Products!H6) | I6: =IF($A6="","",Products!I6) | ... K6: =IF($A6="","",Products!K6) | L6: =IF($A6="","",Products!M6) | M6: =IF($A6="","",Products!P6) | N6: =IF($A6="","",Products!Q6) | O6: =IF($A6="","",Products!R6)
A7: =IF(Products!N7="ACTIVE",Products!A7,"") | B7: =IF($A7="","",Products!B7) | C7: =IF($A7="","",Products!C7) | D7: =IF($A7="","",Products!D7) | E7: =IF($A7="","",Products!E7) | F7: =IF($A7="","",Products!F7) | G7: =IF($A7="","",Products!G7) | H7: =IF($A7="","",Products!H7) | I7: =IF($A7="","",Products!I7) | ... K7: =IF($A7="","",Products!K7) | L7: =IF($A7="","",Products!M7) | M7: =IF($A7="","",Products!P7) | N7: =IF($A7="","",Products!Q7) | O7: =IF($A7="","",Products!R7)
A8: =IF(Products!N8="ACTIVE",Products!A8,"") | B8: =IF($A8="","",Products!B8) | C8: =IF($A8="","",Products!C8) | D8: =IF($A8="","",Products!D8) | E8: =IF($A8="","",Products!E8) | F8: =IF($A8="","",Products!F8) | G8: =IF($A8="","",Products!G8) | H8: =IF($A8="","",Products!H8) | I8: =IF($A8="","",Products!I8) | ... K8: =IF($A8="","",Products!K8) | L8: =IF($A8="","",Products!M8) | M8: =IF($A8="","",Products!P8) | N8: =IF($A8="","",Products!Q8) | O8: =IF($A8="","",Products!R8)
A9: =IF(Products!N9="ACTIVE",Products!A9,"") | B9: =IF($A9="","",Products!B9) | C9: =IF($A9="","",Products!C9) | D9: =IF($A9="","",Products!D9) | E9: =IF($A9="","",Products!E9) | F9: =IF($A9="","",Products!F9) | G9: =IF($A9="","",Products!G9) | H9: =IF($A9="","",Products!H9) | I9: =IF($A9="","",Products!I9) | ... K9: =IF($A9="","",Products!K9) | L9: =IF($A9="","",Products!M9) | M9: =IF($A9="","",Products!P9) | N9: =IF($A9="","",Products!Q9) | O9: =IF($A9="","",Products!R9)
A10: =IF(Products!N10="ACTIVE",Products!A10,"") | B10: =IF($A10="","",Products!B10) | C10: =IF($A10="","",Products!C10) | D10: =IF($A10="","",Products!D10) | E10: =IF($A10="","",Products!E10) | F10: =IF($A10="","",Products!F10) | G10: =IF($A10="","",Products!G10) | H10: =IF($A10="","",Products!H10) | I10: =IF($A10="","",Products!I10) | ... K10: =IF($A10="","",Products!K10) | L10: =IF($A10="","",Products!M10) | M10: =IF($A10="","",Products!P10) | N10: =IF($A10="","",Products!Q10) | O10: =IF($A10="","",Products!R10)
A11: =IF(Products!N11="ACTIVE",Products!A11,"") | B11: =IF($A11="","",Products!B11) | C11: =IF($A11="","",Products!C11) | D11: =IF($A11="","",Products!D11) | E11: =IF($A11="","",Products!E11) | F11: =IF($A11="","",Products!F11) | G11: =IF($A11="","",Products!G11) | H11: =IF($A11="","",Products!H11) | I11: =IF($A11="","",Products!I11) | ... K11: =IF($A11="","",Products!K11) | L11: =IF($A11="","",Products!M11) | M11: =IF($A11="","",Products!P11) | N11: =IF($A11="","",Products!Q11) | O11: =IF($A11="","",Products!R11)
A12: =IF(Products!N12="ACTIVE",Products!A12,"") | B12: =IF($A12="","",Products!B12) | C12: =IF($A12="","",Products!C12) | D12: =IF($A12="","",Products!D12) | E12: =IF($A12="","",Products!E12) | F12: =IF($A12="","",Products!F12) | G12: =IF($A12="","",Products!G12) | H12: =IF($A12="","",Products!H12) | I12: =IF($A12="","",Products!I12) | ... K12: =IF($A12="","",Products!K12) | L12: =IF($A12="","",Products!M12) | M12: =IF($A12="","",Products!P12) | N12: =IF($A12="","",Products!Q12) | O12: =IF($A12="","",Products!R12)
A13: =IF(Products!N13="ACTIVE",Products!A13,"") | B13: =IF($A13="","",Products!B13) | C13: =IF($A13="","",Products!C13) | D13: =IF($A13="","",Products!D13) | E13: =IF($A13="","",Products!E13) | F13: =IF($A13="","",Products!F13) | G13: =IF($A13="","",Products!G13) | H13: =IF($A13="","",Products!H13) | I13: =IF($A13="","",Products!I13) | ... K13: =IF($A13="","",Products!K13) | L13: =IF($A13="","",Products!M13) | M13: =IF($A13="","",Products!P13) | N13: =IF($A13="","",Products!Q13) | O13: =IF($A13="","",Products!R13)
... A501: =IF(Products!N501="ACTIVE",Products!A501,"") | B501: =IF($A501="","",Products!B501) | C501: =IF($A501="","",Products!C501) | D501: =IF($A501="","",Products!D501) | E501: =IF($A501="","",Products!E501) | F501: =IF($A501="","",Products!F501) | G501: =IF($A501="","",Products!G501) | H501: =IF($A501="","",Products!H501) | I501: =IF($A501="","",Products!I501) | ... K501: =IF($A501="","",Products!K501) | L501: =IF($A501="","",Products!M501) | M501: =IF($A501="","",Products!P501) | N501: =IF($A501="","",Products!Q501) | O501: =IF($A501="","",Products!R501)
